Projetos de Pesquisa Cadastrados em 2018,,
Campus,Título,Nome Coordenador
Alamenara,Intervenção na Prevenção e Controle do Tabagismo na Unidade Básica de Saúde “São Judas Tadeu”,Rosângela Ferreira Ribeiro
Alamenara,Estratégias para Enfrentamentos aos Agravos À Saúde da Comunidade Escolar,Valéria Gonzaga Botelho
Alamenara,Planejamento Estratégico Aplicado a Micro e Pequenas Empresas: Um estudo com uma Empresa do Setor Varejista de GLP em Almenara-MG,Emanuelly Alves Pelogio
Alamenara,Qualidade de Vida no Trabalho: Estudo de Caso Entre a Percepção de Professores de Escola Pública e Privada no Município de Almenara,Aline Márcia Carraro Borges
Alamenara,Bobchurras: Solução Tecnológica em E-Ecommerce para Dinamização Comércio de Insumos para Churrasco em Almenara-MG,Thiago Bicalho Ferreira
Alamenara,Dinâmica e Ecologia de Plantas Daninhas na Cultura da Cana-de-açúcar,Edimilson Alves Barbosa
Alamenara,Segurança Hídrica e Alimentar de Agrícola de Agricultoras Feirantes do Vale do Jequitinhonha,Vico Mendes Pereira Lima
Alamenara,Inovações Tecnológicas para o Cultivo do Morangueiro na Região do Baixo Jequitinhonha ,José Maria Gomes Neves
Alamenara,Cidadão do Vale: Desenvolvimento de Aplicativo para Coleta Voluntária de Informações Geográficas,Alfredo Costa
Alamenara,Aperfeiçoamento da Extensão Perfil UML GeoProfile para Modelagem de Dados Geográficos com Posições ou Limites Incertos,Thiago Bicalho Ferreira
Alamenara,Desenvolvimento de Método Analítico para Determinação de Elementos Inorgânicos em Amostras de água do Rio Jequitinhonha,Ednilton Moreira Gama
Alamenara,A Formação do Docente que Ministra Aulas de Química e Ciência nas Escolas Estaduais da Superintendência Regional de Ensino de Almenara – MG,Roberta Pereira Matos
Alamenara,Dinâmica e Ecologia de Plantas Daninhas na Cultura da Cana-de-açúcar,Edimilson Alves Barbosa
Alamenara,A Interação Oral na Língua Espanhola: O Desenvolvimento dos Alunos do Campus Almenara nos Projetos de Simulação das Conferências da ONU,Rosilene dos Anjos Santana 
Alamenara,A Aprendizagem de Língua Espanhola: Experiências com Intercâmbio de Gêneros Discursivos,Rosilene dos Anjos Santana 
Alamenara,Arborização Urbana e sua Adequada na Cidade de Almenara MG,Lays Araújo Nery
Alamenara,Experimentação em Química no Curso Técnico em Agropecuária em Regime de Alternância: Construção de Propostas Direcionadas ao Ensino no IFNMG Campus Almenara,Janainne Nunes Alves
Araçuai,Prospecção fitoquímica e físico-química do mel de Apis melífera no Médio Jequitinhonha,Eliane Macedo Sobrinho Santos
Araçuai,Categorização das Interações Estudante/Moodle em Relação aos Estilos de Aprendizagem,Arthur Machado França de Almeida
Araçuai,Análise Quanti-Qualitativa do Campo Agrostológico do IFNMG – Campus Araçuai Adubado com Fertilizante Orgânico à Base de Casca de Pequi,Eliane Macedo Sobrinho Santos
Araçuai,Falares do Vale do Jequitinhonha: Uma Análise Sociolinguística do Dialeto da Comunidade de Cansanção/ Minas Gerais,LILLIAN GONÇALVES DE MELO
Araçuai,Perfil dos Projetos de Pesquisa Cadastrados na CPPI do IFNMG – Campus Araçuai,Eliane Macedo Sobrinho Santos
Araçuai,Gênero e Empreendedorismo: Um Estudo sobre o Comportamento Empreendedor na Mesorregião do Vale do Jequitinhonha,André Geraldo da Costa Coelho
Araçuai,"Restauração Ecológica do Córrego Matheus, Araçuai – MG",Juvenal Martins Gomes
Araçuai,Prospecção do Potencial Terapêutico do Fitofármacode Eugenia dysenterica ( Cagaiteira) e da Lippia sidoides Cham ( Alecrim- Pimenta) no tratamento de parasitoses gastrintestinais de caprinos e ovinos,Eliane Macedo Sobrinho Santos
Araçuai,Iconicidade lexical: Resgate da Indentidade Histórica e Sociocultural do Centro de Araçuai Através da Toponímia ,Shirlene Aparecida da Rocha
Araçuai,Protótipo para Investigação do Potencial Repelente do NEEM Contra o Carrapato na Pastagem,Eliane Macedo Sobrinho Santos
Araçuai,A comunicação Popular da Articulação Semiárido Brasileiro (ASA) no Processo de Educação Ambiental,Kaique Mesquita Cardoso
Araçuai,Análise da Dinâmica de Parâmetro da Qualidade da Água em Microbacias Hidrográficas com vegetação Nativa e com Florestas Plantadas de Pinus,Kaique Mesquita Cardoso
Araçuai,Povos Indígenas do Vale do Jequitinhonha: Resgate Histórico e Social Através da Memória de Arquivos,Lillian Gonçalves de Melo
Araçuai,Concepção dos Docentes que Atuam no Curso Técnico de Enfermagem no Instituto Federal do Norte de Minas Gerais( Campus Araçuai) Sobre a Avaliação da Aprendizagem do Educando,Valéria Gonzaga Botelho de Oliveira Eulálio 
Araçuai,Avaliação de Diferentes Formulações de meio de Cultura na Produção de Biomassa de Escherichia coli BL21 em biorreator e em Shaker,Hércules Otacílio Santos
Araçuai,Aplicação de Sistemas de Informação Geográfica na Construção de Mapas Ambientais: Estudo de Caso da Microrregião de Araçuai – MG,Joildes Brasil dos Santos
Araçuai,Documentando Projetos ,Bruna das Graças Soares
Araçuai,"Estudos sobre Marxismo, Movimentos Sociais, Educação e Trabalho",Fabiano Rosa de Magalhães
Araçuai,A Organização das Comunidades Rurais/Tradicionais no Vale do Jequitinhonha ,Fabiano Rosa de Magalhães
Araçuai,"Análise Microbiológica e de Alguns Parâmetros Físicos da Água do Rio Calhau, na Cidade de Araçuai – MG",Juliana Guerra de Oliveira
Araçuai,Identificação de Unidade Produtivas e Movimentos Sociais que atuam com Agricultura Sustentável e Agroecológica no Município de Araçuai e Região,Fabiano Rosa de Magalhães
Araçuai,A utilização de Ferramentas Online para Pesquisas Online para Pesquisa de Opinião na Escola : Desenvolvendo uma Pesquisa no IFNMG – Campus Araçuai,Fabiano Rosa de Magalhães
Araçuai,Análise da Situação Vacinal dos Estudantes dos Cursos Integrados de uma Instituição Federal de Ensino do Vale do Jequitinhonha,Isabella Rodrigues Diamantino Pereira
Araçuai,Desafios na Implementação da Lei 12.711/12: Ações Afirmativas no IFNMG- Campus Araçuai,José Carlos Silvério dos Santos
Arinos,Uso do Bioestimulante na Germinação e Prdução de Mudas de Maracujázeiro Amarelo,Francisco Valdevino Bezerra Neto
Arinos,Avaliação Energética da Polpa de Baru por Aves ,Diogo Moraes Cardoso
Arinos,"Desempenho de Cultivare de Melão Tipo Amarelo em Diferentes Épocas de Plantio, na Região Vale do Urucuia, Minas Gerais",Francisco Valdevino Bezerra Neto
Arinos,Desempenho Bioeconômico do Confinamento de Bovinos Alimentados com Dieta com Grão Interno,Ronan Aparecido Valadares 
Arinos,Caracterização Fotoquímica e Avaliação da Atividade Antibacteriana de Dipteryx Alata Vogel,Cinthia Gracielly Rodrigues 
Arinos,"Germinação, Qualidade Sanitária e Fisiológica de Sementes de Espécies do Cerrado no Vale do Urucuia -MG: Baru (Diptery Alata Vog.) e Araticum ( Annona Crassiflora Mart.)",Gabriel Muller Valadão
Arinos,Pesquisa de Fraude do Leite Cru Produzido nos Assentamentos de Arinos/MG,Gustavo Rodrigues Morgado
Arinos,Avaliação Microbiológica do leite Cru Produzido nos Assentamentos de Arinos/MG,Gustavo Rodrigues Morgado
Arinos,Análise Sensorial de um Composto Alimentar Ecosocial de Pólen Apícola e Baru,Gabriel Muller Valadão
Arinos,Software de Gerenciamento dos resultados dos simulados aplicados no ensino médio integrado do IFNMG- Campus Arinos,Claudianne Myllene Morais de Almeida
Diamantina,Avaliação da Ação Antiviral para os Vírus Dengue e Zika de Cinco Plantas Medicinais Encontradas no Vale do Jequitinhonha,André Silva Oliveira
Diamantina,Condicionador de Solo a Partir de Biomassa Residual da Produção de Carvão Vegetal,Emerson Delano Lopes
Diamantina,Democratizando a Informação com a Data Science: Uma Análise dos Gastos com as Instituições Federais de Ensino,Bruno Lopes de Faria
Diamantina,Permanência e Evasão nos Cursos Técnicos do Instituto Federal do Norte de Minas Gerais – Campus Diamantina ,Bruna Mendes Oliveira
Diamantina,"Avaliação do Potencial Efeito Antiviral de Compostos Derivados das Inda-1,3- Dionas Contra os Vírus Dengue e Zika",Ana Flávia Costa da Silveira Oliveira
Diamantina,Oportuniza IF,Carla Pereira Silva
Diamantina,"Jogos Educativos Digitais, Como Ferramentas Destinadas ao Ensino de Química",Jannaine Nunes Alves
Diamantina,"Gestão do Trabalho, Relações de Poder e Adoecimento: Revelando a Face Perversa da Gestão",André Aristóteles da Rocha Muniz 
Diamantina,Experimentação em Química no Curso Técnico em Agropecuária em Regime de Alternância: Construção de Propostas Direcionadas ao Ensino no IFNMG Campus Almenara ,Janainne Nunes Alves
Janaúba,Conhece-te a ti mesmo: Análise dos perfis socioeconômicos e culturais dos discentes do Técnico em Informática para Internet do Campus Avançado Janaúba ,Dinamor Chicarelli do Nascimento
Janaúba,Filmes Hollywoodianos e Histórias em Quadrinhos: Estratégia de Ensino nas Aulas de Física,Júlio Cezar Barbosa Rocha
Janaúba,Impressora Braille de Baixo Custo,Felipe Cézar de Castro Antunes
Janaúba,Municípios da Área de Abrangência do Instituto Federal do Norte de Minas Gerais- Campus Avançado Janaúba: Uma Leitura a Partir de Indicadores Socioeconômicos ,Fabrício Silva Ribeiro
Janaúba,"Sertão Norte Mineiro, onde Repousa o Berço das Gerais: Reflexão Acerca do Processo de Formação do Norte de Minas Gerais sob a Perspectiva da História da Arquitetura, da Formação das Cidades Brasileiras no Período Colonial, da Literatura, da Arte das suas várias Linguagens ",Hellen Vívian Moreira dos Anjos
Janaúba,Conhece-te a ti mesmo: Análise dos perfis socioeconômicos e culturais dos discentes do Técnico em Informática para Internet do Campus Avançado Janaúba ,Fernando Nunes dos Santos
Janaúba,Laboratório Didático de Física Tendo Como Plataforma Raspberry Pi,Júlio Cézar Barbosa Rocha
Januária,Inspeção de Patologias por Efeito de Agentes Biológicos em Estruturas de Edificações Históricas ,Áureo da Silva Santos 
Januária,"Avaliação de Genótipos de Mandioca e Épocas de Colheita na Região da Bacia do Rio Pandeiros, em Ambiente Irrigado e não Irrigado.",Ednaldo Liberato de Oliveira
Januária,Um Minuto de Sono Vale Muito,Yuri Álisson Rodrigues de Oliveira
Januária,Ensaio na Barra de Tração e Estimativa da Demanda Energética de um Trator Agrícola de Pneus,Wagner da Cunha Siqueira
Januária,Viabilidade Econômico de Sensor óptico na Adubação Nitrogenada a Taxa Variada na Cultura do Milho,Wagner da Cunha Siqueira
Januária,Eficiência do Poleiro Artificial como Método de Recuperação Ambiental em um Pasto Abandonado em Área de Proteção Ambiental Cavernas do Peruaçu,Tattiane Gomes Costa
Januária,"Seletividade Fisiológica do Herbicida Atrazine Sobre o Predador Doru luteipes ( Scudder, 1876) ( Dermaptera: Forficulidae)",Claubert Wagner Guimarães de Menezes
Januária,"Diferentes Palatabilizantes na Dieta sobre a Perfomance dos Leitões Durante a Creche e seus Impactos nas Características de Crescimento, Acabamento e Carcaça",Wagner Aziz Garcia de Oliveira
Januária,Desenvolvimento de um Jogo Digital Educacional para o Auxílio a Indisciplina nas Séries Iniciais do Ensino Fundamental,Joselice Ferreira Lima 
Januária,Produção de Briquetes Artesanais com Finos de Carvão Vegetal Utilizando Diferentes Tipos de Secagem e Materiais Aglutinantes,Wagner da Cunha Siqueira
Januária,Biodisponibilidade de Potássio em Minerais Silicáticos,Tatiana Tozzi Martins Souza Rodrigues
Januária,Avaliação da Eficiência de Tratamento por Sistemas Alagados Construídos Considerando-se as Perdas por Evaporação ,Danilo Pereira Ribeiro
Januária,Aspectos Produtivos de Genótipos de Girassol Cultivados em Januária Norte de Minas Gerais ,Aroldo Gomes Filho
Januária,Adubação Nitrogenada em Cobertura de Amendoim CV. “ IAC ST TATU” e Viabilidade Econômica no Seminário Mineiro,Tattiane Gomes Costa
Januária,"Inoculação de Bradyrhizobium em Feijão Caupi ( Vigna unguiculata L. Walp´.): Efeitos na Nodulação, Crescimento e Produtividade ",Luiz Carlos Ferreira
Januária,"Diagnóstico Hidroambiental do Riacho Cruz dos Araújos, na Bacia do Médio São Francisco",Antônio Fábio Silva Santos
Januária,Fitotoxidade e Ação Inseticida do óleo Essencial de Cymbopogon flexuosus ( Poaceae),Clináscia Rodrigues Araújo Rocha
Januária,Qualidade da Silagem de Milho Ensacada,Rogério Mendes Murta
Januária,Radiofrequência Aplicada em Tubos de Água para Evitar Incrustações e Obstrução do Canal por Águas Duras,Edinei Canuto Paiva
Januária,Níveis de Suplementação da Enzima beta-mananase para Codornas Japonesas ( Coturnix Coturnix japonica),Wagner Aziz Garcia de Oliveira
Januária,"Características Morfogênicas, Estrturais e Acúmulo de Forragem do Capim Marandu em Sistema de Integração Lavoura-pecuária em Regiões de Riscos Climáticos",Jussara Barros Silva
Januária,"Atividade Antioxidante, Estudo Fitoquímico e da Composição Química do Óleo Essencial da Flor de Calotropis procera",Clináscia Rodrigues Araújo Rocha
Januária,Objeto de Aprendizagem para o Ensino Médio e Educação Profissional: Ensino de Funções Aplicado a Fenômenos Físicos,Fábio Mendes Ramos
Januária,Biodisponibilidade de Potássio em Rochas Silicáticas em Substituição a Adubação Química Mineral na Cultural do Milho ( Zea Mays L.),Laís Lorena Queiroz Moreira
Januária,Estudo Comprativo entre Soluções Estruturais para projetos de Reservatórios por meio do Método dos Elementos Finitos,Matheus Silveira Borges
Januária,Rendimento de Feijão- Vagem em Função de Lâminas e Sistemas de Irrigação em Ambiente Protegido ,Márcio Adriano Santos
Januária,Capacidade de Busca e Parasitismo de Palmistichus elaesis ( Himenoptera: Eulophidae) em Ceraitis capitata ( Diptera: Tephritidae),Eliane Souza Gomes Brito
Januária,Biodigestor Caseiro para Produção de Biogás,Wagner da Cunha Siqueira
Januária,Processamento de Dietas sem Volumoso em Confinamento de Bovinos – Animais Cruzados Nelore x Angus,Rogério Mendes Murta
Januária,O Uso de Recursos Computacionais no Ensino de Matemática nas Escolas Públicas do Município de Januária (MG),Josué Antunes de Macêdo 
Januária,Nodulação em Feijão-Caupi sob o Efeito de Bactéria Antagonista a Patógeno de Solo,Tatiana Tozzi Martins Souza Rodrigues
Januária,Análise de Técnicas de Sumarização Automática de Vídeos para Auxílio ao Reconhecimento de Sinais Não-manuais de Libras,Felipe Augusto Oliveira Mota
Januária,Determinação de Soluções Analíticas para os Parâmetros de Campo Cristalino em Sistema Contendo íons Lantanídeos Trivalentes,Yuri Álisson Rodrigues de Oliveira
Januária,Estudo Numérico de Transmissão de Arboviroses,Davi Rodrigues de Souza
Januária,Uso de Sistema de Informação para Aumento da Eficiência no Gerenciamento dos Auxílios do Programa de Assistência e Apoio aos Estudantes do IFNMG – Campus Januária,Cleiane Gonçalves Oliveira
Januária,A Cachaça Artesanal Enquanto Patrimônio Territorial do Norte de Minas Gerais: A Região de Brejo do Amparo Distrito de Januária – MG,Angélica Borges dos Santos
Januária,Construção de um Espectroscópio de Rede de Difração,Caio Bruno Wetterich
Januária,Limites e Possibilidades do Uso da Plataforma Scratch no Ensino de Programação para Crianças do Ensino Fundamental,Josué Antunes de Macêdo 
Januária,Parâmetros Microbiológicos e Físico – Químicos da Água do Rio São Francisco no Município de Januária-MG,Vitor Hugo Henriques de Almeida
Januária,Diversos Olhares sobre o PIBID no Subprojeto de Biologia do IFNMG/Campus Januária,Joelma de Fátima Mendes Bandeira
Januária,Blended Learning: O Uso da Sala de Aula Invertida no Curso Técnico em Informática do IFNMG Campus Januária,Gustavo Linhares Lel is Frota
Januária,O Ensino de Ciências no Anos Iniciais do Ensino Médio,Joelma de Fátima Mendes Bandeira
Januária,Análise Quantitativa das Águas Residuárias dos Condicionadores de Ar do IFNMG – Campus Januária,Jonathan Rodrigues Azevedo
Januária,Farelo de Algodão e Suplementação Enzimática em Dietas de Galinhas Poedeiras ,Wagner Aziz Garcia de Oliveira
Januária,"Desempenho Agronômico de Linhagens do Feijão Fradinho( Vigna Unguilata) em Januária, Norte de Minas Gerais",Claubert Wagner Guimarães de Menezes
Januária,Avaliação do Hidrogel Natural da Espécie Nativa Magoniapubescens A.St. Hil para Produção de Mudas de Espécies Arbóreas em Região Semiárida ,Danilo Pereira Ribeiro
Januária,"Raças Regionais e o Porco do Serrado, sob Sistema Convencional e SISCAL ",Wagner Aziz Garcia de Oliveira
Januária,Integração Entre a Linguagem Scratch e a Plataforma Arduíno no Ensino de Geometria Plana,Josué Antunes de Macêdo 
Januária,Avaliação de Sistemas de Ansiedade de Depressão em Alunos do Ensino Médio Integrado,Patrícia de Sousa Fernandes Queiroz 
Januária,Montagem e Validação de um Rastreador Solar Microcontrolado ,Edinei Canuto Paiva
Januária,Desenvolvimento de um Mapa Geológico do Solo do IFNMG - Campus Januária ,Matheus Silveira Borges
Januária,Aproveitamento e Caracterização de Água de Condicionadores de Ar para Uso Laboratorial e Outros Fins Específicos ,Daniel Meira de Oliveira
Januária,O Ensino de Ciências nos Anos Finais do Ensino Fundamental,Joelma de Fátima Mendes Bandeira
Januária,Efeito da Utilização de Urina de Vaca em Adubação Complementar em Alface,Nelson Licínio Campos de Oliveira
Januária,Desempenho de Cultivares de Alface Tipo Crespa Sob Sistema Orgânico em Januária-MG,Nelson Licínio Campos de Oliveira
Januária,Análise Comparativa do índice Firjan de Desenvolvimento Municipal (IFDM) da Microrregião de Januária – MG,Eduardo Cabral da Cruz
Januária,Aprendendo Matemática Através de Fractais,Gustavo Pereira Gomes
Januária,"Classificação, Portabilidade e índice de Qualidade de Água de um Curso Hídrico na Bacia do Médio São Francisco",Antônio Fábio Silva Santos
Januária,Avaliação da Sensibilidade ao Sabor Amargo da Feniltiocarbamida (PTC) Na Comunidade Acadêmica do IFNMG/Campus Januária e Sua Correlação Com Hábitos Alimentares,Luiz Carlos Ferreira
Januária,Construção de Spputering de Baixo Custo,Edinei Canuto Paiva
Januária,Aproveitamento de Resíduos de Construção Civil e Demolição como Agregado em Concreto,Karla Ulisses Lima
Januária,Simulador de Altitude para Ciclismo,Caio Bruno Wetterich
Januária,Avaliação da Carcaça de Suínos de Raças Rústicas e seus Cruzamentos,Eduardo Souza do Nascimento
Januária,Jogo Educacional Digital sobre o Parque Nacional Cavernas do Peruaçu,Joselice Ferreira Lima
Januária,"Distribuição Espacial, Desenvolvimento e Reprodução de Edessa rufomarginata ( Heptera: Pentatomidae) e Utilização de Seus Ovos na Produção do Parasitóide Trissolcus basalis ( Hymenoptera: Scelionidae)",Elaine Souza Gomes Brito
Januária,Capacidade de Brachiara Ruzizienesis na Recuperação de Solo Contaminado Por Herbicida Utilizando a Soja como Espécie Indicadora,Rodrigo Amato Moreira
Januária,Estudo Investigativo Sobre o Ensino dos Produtos Notáveis de Binômios Através do Triângulo Aritmético: Elaboração de um Jogo Didático Pedagógico,Gustavo Pereira Gomes
Januária,Câncer de Colo Uterino: A Relação da Oferta do Exame Papanicolau com a Doença,Liliam Alkmim Matos
Januária,Produção de Sequência Didática para o Ensino de Geometria Espacial,Fabrícia Gracielle Santos
Januária,Produção de Mudas de Couve-flor e Brócolis com Substrato à Base da Casca de Pequi,Rodrigo Amato Moreira
Januária,A Influência do Programa Bolsa Família na Educação,Felipe Lisboa Guedes
Januária,A Formação do Preço no Setor de Moda: Um Estudo de Caso da Cidade de Januária- MG,Felipe Lisboa Guedes
Januária,CARACATERIZAÇÃO DE CRISTAIS DA FORMA (NH4)2K2x Mn2(1-x)CryNi(1-y)(SO4)2.6H2O APÓS TRATAMENTO TÉRMICO,Lara Fernanda Nunes Dourado
Januária,Análise do Patrimônio Histórico-Arquitetônico no Município de Januária – MG,Lara fernanda Nunes Dourado
Januária,Reflexões sobre os conhecimentos em Geometria dos Alunos Ingressantes no Curso de Licenciatura em Matemática do IFNMG – Campus Januária,Daniel Martins Nunes 
Januária,Contribuições do Material Manipulável para Aprendizagem de Sólidos de Revolução: Experiências em Sala de Aula,Daniel Martins Nunes 
Januária,Reflexões sobre as plicações da Trigonometria no Curso Técnico de Meio Ambiente Integrado ao Ensino Médio,Daniel Martins Nunes 
Januária,O Processo de Recrutamento e Seleção como Ferramenta de Gestão,Francisco Farlei de Carvalho Lisboa
Januária,"Avaliação do Conhecimento sobre  a dengue de jovens estudantes, em uma região endêmica de Januária – MG",Roberta Barroso
Januária,Biodisponibilidade de Potássio em Minerais Silicáticos,Tatiana Tozzi Martins Souza Rodrigues
Januária,Efeitos Socioeconômicos causados pela Implementação do Programa Bolsa Família na Cidade de Januária,Felipe Lisboa Guedes
Januária,Reflexões sobre o Ensino de Geometria nos Cursos de Pedagogia da Cidade de Januária/MG,Daniel Martins Nunes 
Januária,Marketing de Relacionamento: Análise do nível de satisfação do cliente em uma academia de ginástica em Januária,Roberto Comini Frota
Januária,Astronomia e Saberes Tradicionais no Ensino Médio em Escolas Xakriabá: Os Sábios e a Construção do Conhecimento na Interculturalidade,Suzana Alves Escobar
Januária,A função Gerencial dos Coordenadores de Cursos de Graduação: Um Estudo de Caso no IFNMG – Campus Januária,Érica Souza Tupiná
Januária,Substrato à Base de Pequi na Produção de Mudas de Couve-flor e de Repolho,Rodrigo Amato Moreira
Januária,"Métodos de Concessão de Crediário no Ramo Supermercadista na Cidade de Januária, Minas Gerais",Felipe Lisboa Guedes
Montes Claros,Avaliação de Catalisadores Heterogêneos e óleos Vegetais na Produção de Biodiesel,Cláudia A. Fernandes Pereira
Montes Claros,Uma Contribuição ao Desenvolvimento de Modelos Progressivo em Método Analítico- Numérico para Estudo de Lajes Tipo Grelha para Pontes,Henaldo Sant’ana
Montes Claros,Avaliação da Atividade Antifúngica dos óleos essenciais de Manjericão (Ocimum basilicum) e do cravo-da-índia (Syzygium aromaticum),Marcelo Moreira Freire
Montes Claros,Produção de Sabonete Líquido a Partir de Diferentes Concentrações de Eugenol e de Óleo Essencial Extraído do Cravo da índia (syzygium aromaticum) e Estudo Comparativo de Propriedades Antibacterianas,Junai Carvalho de Souza Lopes
Montes Claros,Isolamento de Bactérias Promotoras de Crescimento Vegetal em Gramíneas no IFNMG – Campus Montes Claros,Vitor Hugo Endlich Fernandes
Montes Claros,Montagem de um Sistema de Controle de Nível Utilizando Plataforma Arduíno para Práticas de Controle de Processos,Saulo Fernando dos Santos Vidal
Montes Claros,Montagem de Condensador Redutor de Volume de Efluentes dos Laboratórios do IFNMG – Campus Montes Claros,Daniel Rodrigues
Montes Claros,Visão Computacional para Reconhecimento Automático de Língua Brasileira de Sinais,Josiane de Oliveira Fagundes de Araújo
Montes Claros,Concepção de um Irradiador para a Terapia de Captura de Nêutrons,Wagner Leite Araújo
Montes Claros,Explorando Diversidade em Realimentação de Relevância em Base de Dados de Imagens,Lúcio Fernandes Dutra Santos
Montes Claros,Implantação de Sistema Automático de Controle de Temperatura e pH em Estação de Tratamento de Efluente,Daniel Rodrigues Magalhães
Montes Claros,Análise e Aprimoramentos Eletronucleares em Célula Cilíndrica de Ativação Neutrônica ,Wagner Leite Araújo
Montes Claros,Produção de Carvão Ativado a Partir do Lodo Biológico e Avaliação de seu Potencial Frente a Soluções de Ácido Acético e a Azul de Metileno,Daniel Rodrigues Magalhães
Montes Claros,Avaliação de Catalisadores Heterogêneos e óleos Vegetais na Produção de Biodiesel,Thalles de Assis Cardoso Gonçalves
Montes Claros,Projeto Técnico-conceitual de um Irradiador para a Terapia de Captura de Nêutrons,Wagner Leite Araújo
Montes Claros,A Nova Arquitetura dos Mercados Para Produtos Orgânicos: O Debate da Convencionalização,Lunna Chaves Costa
Montes Claros,As feiras livres no Brasil,Lunna Chaves Costa
Montes Claros,Modelagem do Processo de Flotação por Ar Dissolvido e Simulação Utilizando Software EMSO,João Carlos Gonçalves
Pirapora,Desenvolvimento de Aplicativo para Coleta de Dados de Saúde no Âmbito do IFNMG Campus Pirapora,Daniel Cosme Mendonça Maia
Pirapora,Medidor Eletrônico de Unidade de Solos,Emerson Fábio José Generoso
Pirapora,Estudo dos Efeitos Sísmicos nas Fundações Profundas em Edifícios no Norte de Minas Gerais,Fábio José Generoso
Pirapora,Compactação do Solo por Pisoteamento como Limite do Desenvolvimento Radicular de Pastagem para a Região de Pirapora – MG,Fábio José Generoso
Pirapora,Uso da Escória de Altos Fornos Siderúrgicos como Agregado na Fabricação de Tijolos Ecológicos para a Construção Civil,Anderson Ricardo dos Anjos
Pirapora,Das Práticas Tradicionais ao Ensino Tecnológico; O Professor e as Possibilidades para a Implantação do Ensino Híbrido,Luciano Soares de Souza
Pirapora,Efeitos de Sentido Reverberados no Processo Tradutório de Phrasal verbs: O Texto Literário em Questão ,Christiano Titoneli Santana
Pirapora,Análise da Plantação e Cultivo do Abacaxi “Pérola” a Partir da Coroa – Fase I,Glaylton Andrade Souza
Pirapora,Segurança em Redes Sociais: Avaliação dos Discentes do Curso Integrados do IFNMG Campus Pirapora,Josué Batista Antunes
Pirapora,Avaliação da Assistência Odontológica na Perspectiva de Usuários Brasileiros: Estudo Multinível ,Danilo Lima Carreiro
Pirapora,"Prevalência de Síndrome de Bernout, Ansiedade, Depressão, Transtornos Mentais Comuns, suas Associações à Hábitos de Lazer, Apoio Social, Sonolência e Nível de Qualidade de Vida Entre Universitários Trabalhadores e não Trabalhadores",Danilo Lima Carreiro
Porteirinha,Aplicação de Robótica Modular na Educação: Um Auxílio no Aprendizado de Alunos do Ensino Fundamental,Lívia de Fátima Silva Mendes
Porteirinha,Integração de Sistemas Fotovoltaicos em Smart Grid,Patrícia Teixeira Sampaio
Porteirinha,Produção de Tecnologia Assistiva em Máquinas de Impressão em 3D,Joyce Meire da Silva França
Salinas,INFLUÊNCIA DO MOMENTO DA INSEMINAÇÃO ARTIFICIAL SOBE O NÚMERO E SEXO DAS PROLES DE CADELAS,WOLFF CAMARGO MARQUES FILHO
Salinas,DESEMPENHO DE FORRAGEIRAS CULTIVADAS SOB DIFERENTES COMBINAÇÕES: UMA OPÇÃO INOVADORA PARA O NORTE DE MINAS GERAIS,ELCIO JOSE DO NASCIMENTO
Salinas,A UTILIZAÇÃO DA METODOLOGIA PEER INSTRUCTION NO ENSINO MÉDIO PARA APRIMORAR O APRENDIZADO EM FÍSICA,JOSE ANTONIO DUARTE SANTOS
Salinas,ÁREAS VERDES URBANAS PODEM CONTRIBUIR PARA OS SERVIÇOS DE POLINIZAÇÃO?,MICHELLIA PEREIRA SOARES
Salinas,ZONAS HOMOGÊNEAS DE EVAPOTRANSPIRAÇÃO DE REFERÊNCIA PARA O NORTE E NOROESTE DE MINAS GERAIS,MARCELO ROSSI VICENTE
Salinas,AVALIAÇÃO DA ADAPTABILIDADE CLIMÁTICA DE ESPÉCIES EXÓGENAS PRESENTES NAS PRAÇAS PÚBLICAS DE SALINAS – MG,LEONARDO LUIZ SILVEIRA DA SILVA
Salinas,EMBALAGEM ALIMENTÍCIA BIODEGRADÁVEL E INTELIGENTE COM INCORPORAÇÃO DE INDICADOR DE PH,BRUNA CASTRO PORTO
Salinas,AVALIAÇÃO CITOLÓGICA DAS CÉLULAS INFLAMATÓRIAS EM TUMORES MAMÁRIOS DE CADELAS,EDUARDO GARRIDO
Salinas,OPORTUNIDADES EM GERAÇÃO DE CRÉDITOS DE CARBONO NA BACIA DO RIO PARDO VIA PROJETOS MDL FLORESTAIS,RONALDO MEDEIROS DOS SANTOS
Salinas,AVALIAÇÃO DOS PARÂMETROS BIOCLIMÁTICOS DO NORTE DE MINAS GERAIS NO PERÍODO DE 1961 A 2017,JÚLIO CÉSAR OLIVEIRA DIAS
Salinas,"IDENTIFICAÇÃO DO ESTÁGIO DE DETERIORAÇÃO DE MANTEIGAS DE GARRAFA PRODUZIDAS ARTESANALMENTE POR MEIO DE ANÁLISES FÍSICO-QUÍMICAS, SENSORIAIS E QUIMIOMÉTRICAS",ROBERTA MAGALHÃES DIAS CARDOZO
Salinas,CRESCIMENTO E NUTRIÇÃO DE UM CLONE DE EUCALIPTO NA REGIÃO NORTE DE MINAS GERAIS,VINÍCIUS ORLANDI BARBOSA LIMA
Salinas,MONITORAMENTO DA GENOTOXICIDADE EM ERITRÓCITOS E ANÁLISE TOXICOLÓGICA DE PESTICIDAS ORGANOFOSFORADOS EM TILÁPIA DO NILO (OREOCHROMIS NILOTICUS),THAÍS LARISSA LOURENÇO CASTANHEIRA
Salinas,ENRIQUECIMENTO NUTRICIONAL DE BISCOITO COOKIE A PARTIR DE FARINHA DE SEMENTES DE TAMRINDO (TAMRINDUS INDICA): ANÁLISE FÍSICO-QUÍMICA E SENSORIAL,DANIELA CAETANO CARDOSO
Salinas,COMPOSIÇÃO FENÓLICA E ATIVIDADE ANTIOXIDANTE DE RESÍDUOS DE FRUTAS TROPICAIS,BRUNO RICARDO VILACHÃ FERREIRA
Salinas,ANÁLISE DA MORINGA COMO AGENTE DE POTABILIDADE NO TRATAMENTO DA ÁGUA DE COMUNIDADES RURAIS DE SALINAS – MG,FELIPE CIMINO DUARTE
Salinas,DIFERENTES MÉTODOS DE SUPERAÇÃO DE DORMÊNCIA PARA PRODUÇÃO DE MUDAS DE ADENANTHERA PAVONINA L. PRODUZIDAS EM DIFERENTES COMBINAÇÕES DE SUBSTRATOS,JESSICA COSTA DE OLIVEIRA
Salinas,USO DA PALMA FORRAGEIRA NA SUPLEMENTAÇÃO DA DIETA DE VACAS LEITEIRAS NO NORTE DE MINAS,SUSI CRISTINA DOS SANTOS GUIMARÃES MARTINS
Salinas,DINÂMICA DA SERAPILHEIRA E ESTOQUE DE CARBONO NO SOLO EM UM FRAGMENTO DE FLORESTA ESTACIONAL SEMIDECIDUAL NO MUNICÍPIO DE SALINAS – MG,ALESSANDRO DE PAULA DA SILVA
Salinas,PROPRIEDADES MAGNÉTICAS DO MODELO DE ISING SPIN – ½ FERROMAGNÉTICO NA REDE CÚBICA SIMPLES,DIEGO DA CUNHA CARVALHO
Salinas,CONSTRUÇÃO DE APARATOS EXPERIMENTAIS PARA AUXÍLIO NO ENSINO DE FÍSICA NO ENSINO MÉDIO,VAILTON AFONSO DA SILVA
Salinas,ANÁLISE ECONÔMICA E PRODUTIVA DO SISTEMA DE ORDENHA DO IFNMG-CAMPUS SALINAS,FRANCISCO JOSÉ CALIXTO JÚNIOR
Salinas,AVALIAÇÃO DA TERMORRESISTÊNCIA ENZIMAS PROTEOLÍTICAS SECRETADAS POR MICRO-ORGANISMOS ISOLADOS DE QUEIJO MINAS FRESCAL,VALDIRENE RODRIGUES SANTANA
Salinas,EMBALAGEM COMESTÍVEL A BASE DE GELATINA E ÓLEO ESSENCIAL DE COENTRO NA CONSERVAÇÃO DA CARNE BOVINA REFRIGERADA,ISIS CELENA AMARAL
Salinas,AVALIAÇÃO DE FORRAGEIRAS DOS GÊNEROS PANICUM E BRACHIARIA IRRIGADAS E NÃO IRRIGADAS NO NORTE DE MINAS GERAIS,MAGALHÃES TEIXEIRA DE SOUZA
Salinas,DETERMINAÇÃO DO TAMANHO DO GENOMA E DA COMPOSIÇÃO DE BASES EM MOGNO AFRICANO (KHAYA IVORENSIS) POR CITOMETRIA DE FLUXO,GUILHERME MENDES DE ALMEIDA CARVALHO
Salinas,APRENDIZAGEM DE UMA MANEIRA TRANSDICIPLINAR POR MEIO DA ROBÓTICA COM ÊNFASE NA FÍSICA,MARIA DA PENHA DE LAIA
Salinas,DESENVOLVIMENTO DE COAGULANTES À BASE DE MORINGA OLEIFERA COMO ALTERNATIVA PARA PRÉ-TRATAMENTO DE ÁGUA,HIGOR ALEXANDRE RODRIGUES MAIA
Salinas,"NOVAS TECNOLOGIAS E ENSINO: UMA PROPOSTA DE CAPACITAÇÃO DOCENTE NO IFNMG, CAMPUS SALINAS",ANA CLARA GONÇALVES ALVES DE MEIRA
Salinas,COMPORTAMENTO INGESTIVO E REPRODUTIVO DE NOVILHAS NELORE EM SISTEMA SILVIPASTORIL COM E SEM DESRAMA,WOLFF CAMARGO MARQUES FILHO
Salinas,"PARASITOFAUNA E POTENCIAL ICTIOZOONÓTICO DE TRAÍRAS (HOPLIAS MALABARICUS, BLOCH, 1794) EM SALINAS, MINAS GERAIS",VANESSA PAULINO DA CRUZ VIEIRA
Salinas,CARACTERIZAÇÃO ESPECTROSCÓPICA DE MATERIAIS BIOCOMBUSTÍVEIS,ALISSON MARQUES DE MIRANDA’
Salinas,DESENVOLVIMENTO DE VÍDEO AULAS DE CURTA DURAÇÃO DE CÁLCULO E ESTATÍSTICA PARA AUXILIAR OS ALUNOS NO APRENDIZADO,ANDERSON VANTUIR NOBRE VIEIRA
Salinas,DESENVOLVIMENTO DE VÍDEO AULAS DE CURTA DURAÇÃO DE CÁLCULO E ESTATÍSTICA PARA AUXILIAR OS ALUNOS NO APRENDIZADO,ANDERSON VANTUIR NOBRE VIEIRA
Salinas,USO DE SOFTWARE R NAS SALAS DE AULA NAS DISCIPLINAS DE ESTATÍSTICA DO IFNMG-SALINAS PARA AUXILIAR NOS CÁLCULOS ESTATÍTICOS E NO APROFUNDAMENTO DOS ALUNOS,ANDERSON VANTUIR NOBRE VIEIRA
Salinas,PESQUISA DE BRUCELLA CANIS EM CÃES COM HISTÓRICO DE ALTERAÇÕES REPRODUTIVAS,THAÍS LARISSA LOURENÇO CASTANHEIRA
Salinas,CONCEITOS E (PRE) CONCEITOS NA EDUCAÇÃO A DISTÂNCIA: UM ESTUDO SOBRE A PERCEPÇÃO DE ALUNOS E DOCENTES SOBRE A EDUCAÇÃO A DISTÂNCIA NO IFNMG/ CAMPUS SALINAS ,MEIRIVAM BASTISTA DE OLIVEIRA FERREIRA
Salinas,"EFICÁCIA DO ÓLEO ESSENCIAL DE Medusantha martiusii (Benth) Harley & J.F.B. Pastore (IAMIACEAE) NO CONTROLE LARVICIDA DE Aedes aegypti Linnaeus, 1762 ",FÁBIO WÉLIGTON JORGE LIMA
Salinas,"AMACIANTES CÁRNEOS: BROMELINA, PAPAÍNA, FICINA E SUA ATUAÇÃO NA CARNE BOVINA ",FELIPE CIMINO DUARTE
Salinas,EFEITO DA APLICAÇÃO DE REVESTIMENTO COMESTÍVELNA CONSERVAÇÃO PÓS COLHEITA DE TOMATE,MÁRCIA ANTUNES DOS SANTOS RODRIGUES
Salinas,USO DO HIDROGEL NA PRODUÇÃO DE MUDES DE EUCALIPTO SUBMETIDAS A DIFERENTES LÂMINAS DE IRRIGAÇÃO,PAULO ANDRÉ TRAZZI
Salinas,EFICIÊNCIA DO USO DA ÁGUA POR MEIO DE ADUBAÇÃO POTÁSSIA NA PRODUÇÃO DE MUDAS DE EUCALIPTO,PAULO ANDRÉ TRAZZI
Salinas,BARRA DE CEREAL ADICIONADA DE RESÍDUOS AGROINDUSTRIAIS: COMPOSIÇÃO QUÍMICA E AVALIAÇÃO,EDILENE ALVES BARBOSA
Salinas,"ELABORAÇÃO, CARACTERIZAÇÃO E ACEITABILIDADE DE BOLO SEM GLÚTEN Á BASE DE FARINHA DE ARROZ E ADICIONADO DE RESÍDUOS AGROINDUSTRIAIS",MÁRCIA ANTUNES DOS SANTOS RODRIGUES
Salinas,AVALIAÇÃO DA DENSIDADE E POROSIDADE DO SOLO EM ÁREAS DE DIFERENTES MANEJOS PERTENCENTES AO IFNMG- CAMPUS SALINAS ,ALESSANDRO DE PAULA DA SILVA
Salinas,PROSPECÇÃO FITOQUÍMICA E AVALIAÇÃO DAS ATIVIDADES ANTIMICROBIANA E ANTIOXIDANTE DE Diospyros sericeae ( EBENACEAE) ,NATHALIA BASTOS LIMA DE ANDRADE
Salinas,AVALIAÇÃO DA QUALIDADE FÍSICO-QUÍMICA DE LEITE CRU COMERCIALIZADO NA CIDADE DE SALINAS-MG ,MÁRCIA ANTUNES DOS SANTOS RODIGUES
Salinas,"DESEMPENHO, PRECOCIDADE E BEMESTAR DE NOVILHAS NELORE EM SISTEMA SILVIPASTORIL ",WOLF CAMARGO MARQUES FILHO
Salinas,"BOLO DE BANANA ELABORADO COM FARINHAS DE TRIGO, ARROZ, E AVEIA APLICANDO AS TÉCNICAS DE ANÁLISE SENSOLRIAL, FÍSICO-QUÍMICA E MICROBIOLOGIA",MÁRCIA ANTUNES DOS SANTOS RODIGUES
Salinas,CULTURA ALIMENTAR E SUSTENTABILIDADE NA PRODUÇÃO DE ALIMENTOS SAUDÁVEIS: RESGATE DE PRÁTICAS CULINÁRIAS E FOMENTO DA SEGURANÇA ALIMENTAR EM COMUNIDADES QUILOMBOLAS NA MESORREGIÃO DO VALE DO JEQUITINHONHA,RICARDO DOS SANTOS SILVA
Salinas,"AVALIAÇÃO DA SUPLEMENTAÇÃO ALIMENTAR COM COMPLEXO AMINOÁCIDO VITAMÍNICO E XAROPE, SOBRE CARACTERÍSTICAS PRODUTIVAS E REPRODUTIVAS DE Apis mellifera NA FLORADA DE AROEIRA",THIAGO MOREIRA DOS SANTOS
Salinas,UTILIZAÇÃO DO FENO DA PARTE AÉREA DA MANDIOCA NA ALIMENTAÇÃO DE OVINOS CONFINADOS,Antônio Eustáquio Filho
Salinas,Aperfeiçoamento de Técnicas para a Criopreservação do Sêmen Ovino,JÚLIO CÉSAR OLIVEIRA DIAS
Salinas,"Avaliação do Perfil de Sensibilidade Microbiológica Isolada de Útero de Cadelas com Piometra, Avaliação do Padrão de Lesões Histopatológicas Uterinas e Características Ovarianas",EDUARDO GARRIDO
Salinas,A suplementação Alimentar no Desempenho e Características do Mel da Apis mellifera em Salinas/MG,Thiago Moreira dos Santos
Salinas,Utilização do Farelo de Palma na Alimentação de Ovinos Confinados ,Antônio Eustáquio Filho
Salinas,O Turismo Impacta a Flora e Fauna de Invertebrados de Solo em Ambientes Cavernícolas,Tatianne Gizelle Marques Silva
Salinas,Potencial de Estabelecimento de Sistema Silvipastoril na Recuperação de Pastagem Degradada no Norte de Minas Gerais,ALESSANDRO DE PAULA DA SILVA
Salinas,Violência Contra a Mulher no Ambiente Universitário: Com Ênfase aos Danos Causados a Saúde das Vítimas,Patrícia Nery Silva Souza
Salinas,Desenvolvimento e Caracterização de uma Formulação em Gel para Administração Tópica Contendo Extrato da Casca da Romã,Cristiane da Silva Melo
Salinas,Pesquisa de Brucella canis em Cães Errantes no Município de Salinas – MG,Thaís Larissa Lourenço Castanheira
Salinas,Métodos de Quebra de Dormência de Sementes de Espécies Florestais Nativas,Alessandro de Paula Silva
Salinas,Avaliação da Atividade Antifúngica do Extrato Alcoolico de Diospyros sericea,Cristiane da Silva Melo
Salinas,Influência do Desbaste em Povoamento de Eucalipto na Região de Indaiabira/MG,VINÍCIUS ORLANDI BARBOSA LIMA
Salinas,"Avaliação do Potencial Antioxidante das Partes Específicas ( Cascas, Caroço e Polpa) do Cajá-manga ( Spondias dulcis)",BRUNO RICARDO VILACHÃ FERREIRA
Salinas,"Levantamento e Estudo de Plantas Usadas por Pessoas Diagnosticadas com Doença de Chagas no Município de Salinas, Norte de Minas Gerais",Sileimar Maria Lelis
Salinas,Mercado de Trabalho e Educação na Microrregião de Salinas-MG: Uma Análise para Além dos Dados Quantitativos,RICARDO DOS SANTOS SILVA
Salinas,Análise do Perfil dos Consumidores de Doce de Leite Comercializados no Norte de Minas,DANIELA CAETANO CARDOSO
Salinas,Análise Sensorial como Ferramenta para a Diferenciação de Iogurte e Bebida Láctea,DANIELA CAETANO CARDOSO
Salinas,Influência da Embalagem na Aceitação Sensorial de Diferentes Marcas Comerciais de Biscoitos Cookie,DANIELA CAETANO CARDOSO
Salinas,Using Flow to Retrieve Class Dependencies in Javascript,Leonardo Humberto Guimarães Silva
Salinas,Estudo de Mercado de Café Torrado e Moído Tradicional Produzido na Microrregião de Taiobeiras -MG: Características da Embalagem na Intenção de Compra do Consumidor,Daniela Caetano Cardoso
Salinas,Avaliação Sensorial dos Aspectos Visuais de Diferentes Tipos de Embalagens e Rótulos de Milho Verde Comercializados no Mercado Local da Cidade de Salinas-MG,Daniela Caetano Cardoso
Salinas,Aplicações da Pegada Ecológica em Escolas Públicas de Salinas: Um Estudo Comparativo ,Maria Gisely Camargo
Salinas,Aceleração no Processo de Envelhecimento como Alternativa para Diminuir o Tempo para Inserção da Cachaça no Mercado Consumidor com Base no Padrão Sensorial,Daniela Caetano Cardoso
Salinas,Análise Sensorial de Cachaças Comerciais de Salinas-MG Envelhecidas em Toneis de Umburana,Daniela Caetano Cardoso
Salinas,Avaliação Sensorial dos Rótulos e Embalagens de Cachaças Envelhecidas em Barris de Carvalho na Cidade de Salinas-MG,Daniela Caetano Cardoso
Salinas,Avaliação Sensorial entre o Doce de Marmelo Artesanal Produzido em São João do Paraíso -MG e Industrializado Comercializado na Região,Daniela Caetano Cardoso
Salinas,Saberes Populares: Um olhar dos moradores de Salinas-MG e Região sobre as Serpentes,Thaís Larissa Lourenço Castanheira
Salinas,Investigação do Perfil de Saúde como Ferramenta de Monitoramento e Bem estar Animal em Matrizes e Reprodutores Suínos do IFNMG -Campus Salinas,Thaís Larissa Lourenço Castanheira
Salinas,Eficiência do Uso de Biofertilizante no Cultivo da Cana-energia irrigada,Raiane Ferreira de Miranda
Salinas,Biochar na Composição de Substratos para Produção de Mudas de Espécies Florestais,Jane Bruna de Almeida
Salinas,Alternativas para Produção de Hidrogel,Jane Bruna de Almeida 
Salinas,Quantificação de Taninos em Espécies Florestais ,Lílian de Almeida Brito
Salinas,Seleção de Leveduras Isoladas a Partir de Frutos Nativos do Cerrado para Fabricação de Cachaça de Alambique ,Marcos de Oliveira
Salinas,"Estudo do Descarte Residencial de Medicamentos Vencidos na Região de Salinas, Minas Gerais, Brasil",Valéria Magro Octaviano Bernis
Salinas,Avaliação da Presença da Amilase Salivar em Cães,Valéria Magro Octaviano Bernis
Salinas,Avaliação da Presença da Amilase Salivarem Bovinos,Valéria Magro Octaviano Bernis
Salinas,Incidência de Dermatofitose em Felinos no Município de Salinas – MG,Valéria Magro Octaviano Bernis
Salinas,Avaliação In vivo do Efeito Cicatrizante de Formulações em Gel Contendo Extratos da Casca da Romã (Punica granatum L.) em Lesões Cutâneas de Coelhos,Cristiane da Silva Melo
Salinas,Sabereis Tradicionais Femininos: Conhecimentos sobre o Parto e Utilização de Ervas Medicinais ,Rosana de Jesus dos Santos
Salinas,Resistência Natural de Eucalytus sp. A Postia placenta e Tramites versicolor,Lílian de Almeida Brito
Teófilo Otoni,"Sistemas de Informações Gerenciais na Gestão de Recursos Humanos: Desenvolvimento de um Aplicativo de Gerenciamento de Processo de Recrutamento, Seleção, Cargos e Carreiras",Gustavo Henrique Silva de Souza 
Teófilo Otoni,Plataforma Online para Mapeamento da Cultura do Norte de Minas Gerais ,Yuri Bento Marques
Teófilo Otoni,Desenvolvimento de um Sistema de Informação para Gerenciar os Atendimentos aos Discentes Utilizando o Paradigma Orientado a Objetos,Henrique Faria de Oliveira
Teófilo Otoni,"Comportamento Empreendedor, Valores Básicos e Autorrealização: Um Estudo Teórico- Empírico Baseado na Teoria Z de Maslow",Gustavo Henrique Silva de Souza 
Teófilo Otoni,Modelos Motivacionais Padronizados na Administração de Pessoas: O Desenvolvimento de um Sistema Gerencial de Plano de Carreiras,Gustavo Henrique Silva de Souza 
Teófilo Otoni,Tanque guarda-chuva: Desenvolvimento de Sistema Alternativo de Baixo Custo para Captação e Armazenamento de Água da Chuva para Aplicação em Programa de Recuperação de Áreas Degradadas do IFNMG Campus Teófilo Otoni,Renildo Ismael Félix da Costa
Teófilo Otoni,"Comportamento Empreendedor, Valores Básicos e Autorrealização: Um Estudo Teórico- Empírico Baseado na Teoria Z de Maslow",Gustavo Henrique de Souza
Teófilo Otoni,Clima Organizacional e Padrões Individuais no Serviço Público: Um Estudo de Caso no Instituto Federal do Norte de Minas Gerais (IFNMG),Gustavo Henrique Silva de Souza 
