Projetos de Pesquisa Cadastrados em 2017,,
Campus,Título,Nome Coordenador
Almenara,Da Maternidade Linguística ao Discurso: Possíveis Gestos de Interpretação e de Autoria na Produção Textual em Língua Inglesa,Christiano Titonelo Santana
Almenara,A Percepção das Puérperas Sobre as Ações Educativas Realizadas Durante o Pré-Natal na Atenção Básica de Saúde,Diane Prates Mendonça
Almenara,Desenvolvimento de uma Plataforma Digital para Integração Tecnológica Entre o Varejo do Baixo Jequitinhonha com o E-Commerce,Tiago Bicalho Ferreira
Almenara,IFAPP – Desenvolvimento de um Software Aplicativo para Auxiliar o Trabalho Escolar,Marcos Vinícius Montanari
Almenara,Divulgação do Potencial Turístico do Vale do Jequitinhonha Através do Desenvolvimento de um Museu Virtual – Catalogação dos Recursos e Belezas Naturais,Rafael Porto Viana
Almenara,IFVIRTUAL – Desenvolvimento de uma Representação Virtual do IFNMG Campus Almenara,Rafael Porto Viana
Almenara,"Monitoramento da Oferta dos Produtos da Agricultura Familiar na Feira Livre do Município de Jequitinhonha, MG",Eduardo Charles Barbosa Ayres
Almenara,O Modelo de Organização Internacional no Instituto Federal do Norte de Minas Gerais (IFMUNDO) – Impactos e Possibilidades,Alex Lara Martins
Almenara,"Lixo Eletrônico: Inclusão Digital, Reaproveitamento e Reciclagem de Equipamentos de Informática",Rafael Porto Viana
Almenara,Avaliação do Perfil Bromatológico de Volumosos Tratados com Uréia,Antônio Eustáquio Filho
Almenara,Um olhar sob o Ensino de Língua Estrageira: Mapeamento dos Eixos Recursos Naturais e Comunicação e Informação. ,Rosilene dos Anjos Sant'Ana 
Almenara,Implantação e Avaliação de Banco de Germoplasma de mandioca no baixo Jequitinhonha ,Fábio Martins de Carvalho
Almenara,Produção de mudas de hortaliça utilizando subtratos e recipientes alternativos para atender o pequeno produtor do Município de Almenara ,José Maria Gomes Neves
Almenara,PAEC: Programa de Alfabetização das Escolas do Campo,Tânia Maria Mares Figueredo
Araçuaí,Reflexão Sobre as Práticas de Gestão de Estoques Adotadas em Micro e Pequenas Empresas de Varejo,Bruna Oliveira Rosa
Araçuaí,Proposta de Implantação e Avaliação de Software para Gestão de Projetos de Pesquisa e Inovação do Instituto Federal do Norte de Minas Gerais – Campus Araçuaí,Felipe Túlio de Castro
Araçuaí,A Teoria do Comportamento Planejado em Relação ao Consumo de Água da Comunidade Acadêmica do IFNMG – Campus Araçuaí,Camila Santana Gomide
Araçuaí,Diagnóstico Sobre o Custo_estudante no IFNMG Campus Araçuaí,Magno Barbosa Dias
Araçuaí,Um Sistema para Análise de Sentimentos em Redes Sociais Como Ferramenta de Apoio à Decisão de Entidades Educacionais,Fernando Marcos Suoza Silva
Araçuaí,Elaboração de Um Sistema Eletrônico Para Disponibilização de Dados Básicos de Saúde de Pessoas Físicas em Casos de Atendimento de Urgência e Emergência,Felipe Túlio de Castro
Araçuaí,Proposta de Abordagem para Detecção Automática de Estilos de Aprendizagem de Estudantes em Sistemas Adaptativos e inteligentes Para a Educação,Arthur Machado França de Almeida
Araçuaí,LAB_IOT: Estudo e Desenvolvimento de Uma Tomada Inteligente para Controle de Consumo Com Energia Elétrica Utilizando Arduíno,Josué Batista Antunes
Araçuaí,Desenvolvimento de Um Software como Recurso Didático Auxiliar no Ensino de Química,Janaíne Nunes Alves
Araçuaí,Literatura e Identidade: A Representação do Negro e do Quilombola Na Literatura Brasileira Disponível nas Bibliotecas das Instituições de Educação Básica da Cidade de Araçuaí – Minas Gerais,Lílian Gonçalves de Melo
Araçuaí,O Movimento OcupaIF No IFNMG: Organização Estudantil no Contexto das Reformas do Ensino Médio,Fabiano Rosa de Magalhães
Araçuaí,Elaboração e Implantação de um Programa de Treinamento Esportivo Auxiliado Por Sistema Computacional de Gestão de Dados para Aprimoramento Físico e Técnico de Jovens Atletas,Felipe Túlio de Castro
Araçuaí,Aplicabilidade dos Sistemas de Recomendação Automáticos de Conteúdos Educacionais: Um estudo do Estado da Arte,Felipe Túlio de Castro
Araçuaí,Identificação e Georreferenciamento de Sítios Arqueológicos com Figurações Rupestres nas Imediações de Itinga,Aureliane Aparecida de Araújo
Araçuaí,"Mecanismo Molecular de Atuação da Brassica Oleracea na Mastite Bovina Causada por Staphylococcus Aureus, Escherichia Coli e Klebsiella Pneumoniae por Análise Bioinformática: Uma Abordagem sobre o Tratamento Alternativo de Doenças na Produção Animal",Eliane Macedo Sobrinho Santos
Arinos,Avaliação Microbiológica do Leite Cru Produzido nos Assentamentos de Arinos/MG,Gustavo Rodrigues Morgado
Arinos,Confecção de Vant Para Monitoramento de Processos Erosivos no Município de Arinos (MG),Carlos Magno Moreira de oliveira
Arinos,Uso de Diferentes Doses de Silício na Cultura da Melancia no Município de Arinos,Manoel Xavier de Oliveira
Arinos,Software de Gerenciamento dos Resultados dos Simulados Aplicados ao Ensino Médio Integrado do IFNMG Campus Arinos,Claudianne Myllene M. de Almeida
Arinos,A Influência dos Povos na Cultura e Estratégias Produtivas do Município de Chapada Gaúcha-MG,Elza Cristiny Carneiro Batista
Arinos,Avaliação Físico-Química do Leite Cru Produzido nos Assentamentos de Arinos/MG,Gustavo Rodrigues Morgado
Arinos,Avaliação da Produção de Bacaba (Oenocarpus M.) Com Diferentes Substratos,Carlos Magno Moreira de oliveira
Arinos,Análise e Desenvolvimento de Metodologias para Quebra de Dormência e Condução do Teste de Germinação de Três Espécies do Cerrado,Gabriel Muller Valadão
Arinos,Desempenho Bioeconômico do Confinamento de Bovinos Alimentados com Dieta com Grão Inteiro,Ronan Aparecido Valadares Santana
Arinos,Cálculo e Análise do Custo de Vida do Município de Riachinho – MG,Roberto Lúcio Correa de Freitas
Arinos,Cálculo e Análise do Custo de Vida do Município de Urucuia – MG,Roberto Lúcio Correa de Freitas
Arinos,"O(s) Perfil(s) dos Alunos Ingressos nos Cursos Técnicos Integrados ao Ensino Médio em Agropecuária, Informática e Meio Ambiente do IFNMG – Campus Arinos",Marcele Maria Ferreira Lopes
Diamantina,Drama Ergon – Do Drama a Ação – ETAPA 1: Um Possível processo criativo do ator a partir da teoria da Dramaturgia. ,Daniel Alberti Perez
Diamantina,Do Palco à Vida: Uma Abordagem Sobre as Mulheres Negras no Teatro de Minas Gerais,Mariana Emiliano Simões
Diamantina,Desenvolvimento de um Framework para Coletas em redes Sociais Online,Maria Alice Gomes Lopes Leite
Diamantina,EDIFICANDO A CIDADE DO DIAMANTE: Sistematização de informações acondicionados no acervo do IPHAN/Diamantina sobre a cidade candidata a patrimônio da Humanidade em 1998/1999. ,Dayse Lúcide Silva Santos
Diamantina,"Economia Criativa: “Desejo, necessidade, Vontade”",Carla Pereira Silva
Diamantina,"Jogos Educativos Digitais, como Ferramentas Destinadas ao Ensino de Química",Janaínne Nunes Alves
Janaúba,Acessibilidade Ubíqua Aplicada na Mobilidade de Deficientes Visuais,Felipe César de Castro Antunes
Januária,"Influência da Escarificação Física, Escarificação Mecânica e Aplicação de Doses de Ácido Giberélico na Superação de Dormência em Sementes de (Butia capitata, MART).",Luiz Carlos Ferreira
Januária,Aplicação de Técnicas de Aprendizado Supervisionadas no Estudo de Imagens Médicas,Caio Bruno Wetterich
Januária,Acúmulo de Marcha de Absorção de Macro e Micronutrientes na Cultura do Feijão Caupi (Vigna unguiculata (L.) WALP),Clabert Wagner Guimarães de Menezes
Januária,"Efeitos de um Adsorvente no Desempenho, metabólitos de soro, e Estresse Oxidativo em Leitoas Alimentadas com Dietas Contendo Micotoxinas Purificadas",Wagner Aziz Garcia Araújo
Januária,Produção de Brinquetes Artesanais Para Fins Energéticos ,Wagner da Cunha Siqueira
Januária,Desenvolvimento de Um Sensor para Leitura de Umidade em Grãos,Edinei Canuto Paiva
Januária,Uso do Clorofilômetro para Monitorar Deficiência de Nitrogênio em Milho e Recomendar Adubação,Selma Alves Abrahão
Januária,Efeito de diferentes espaçamentos em variedades de amendoim (ARACHIS HYPOGAEA L.) produzidas em regime irrigado e sob deficit hídrico no Semiárido Mineiro,Tattiane Gomes Costa
Januária,"Mapeamento de atributos do solo, produtividade e teor de clorofila da bananeira “Prata Anã” produzida no Norte de Minas Gerais. ",Gracielly Ribeiro de Alcântara
Januária,Adaptação de tecnologias para tratamento e uso agrícola de esgoto doméstico na agricultura orgânica. ,Danilo Pereira Ribeiro
Januária,Desempenho produtivo de genótipos de girassol ( Helianthus annuus L.) em Januária Norte de Minas Gerais – SAFRA 2017/2018,Aroldo Gomes Filho
Januária,Potencial Biótico de Entopatógenos a Larvas de Aedes Aegypti no Município de Januária / MG,Eliane Souza Gomes Brito
Januária,Detecção e análise espectral do sinal emitido por repelentes ultrassonicos ,David Rodrigues de Souza
Januária,Balanço Eletrolítico Total (BET) em Dietas de Frangos de Corte,Wagner Azis Garcia de Araújo
Januária,Modelo de Estimativa de temperatura média diária do ar em januária e região,Pablo Henrique Ataide Oliveira 
Januária,As plantas medicinais e o conhecimento tradicional na comunidade quilombola,Suzana Alves Escobar
Januária,"Obtenção de software para análise estrutural em treliças, vigas e pilares de pinus, eucalipto e bambu utilizados em estruturas destinadas a edificações rurais",Murilo Cesar Osório Camargos
Januária,Uma análise do currículo de biologia no Ensino Médio – Modalidade EJA nas Escolas Públicas de Januária – MG,Iza Manuela Aires Cotrim Guimarães
Januária,Uso de Efluentes de Laticínios e da Suinocultura na Produção de Mudas de Espécies Arbóreas Nativas ,Tattiane Gomes Costa
Januária,Elaboração do Protótipo de um Sistema Automatizado para Acessibilidade de Pessoas com Dificuldades de Locomoção na Resolução de Tarefas Domésticas,Paulo Veloso Santos Jr.
Januária,"Ecotoxidade dos Herbicidas Atrazine e Nicossulfuron Sobre o Predador de Pragas, Podisus Nigrispinus ( Hemiptera: Pentatomidade)",
Januária,Levantamento e descrição de doenças fúngicas relacionadas a plantas medicinais cultivadas no Horto de Plantas Medicinais do IFNMG Campus Januária,Tatiana Tozzi Martins Souza Rodrigues
Januária,A Avaliação da Aprendizagem nos Cursos Técnicos Integrados ao Ensino Médio do IFNMG – Campus Januária,Joelma de Fátima Mendes Bandeira
Januária,Avaliação Físico-Química e Microbiológica de Conservas Artesanais de Pequi Comercializadas na Cidade de Japonvar/MG,Geralda Magela Costa Nobre
Januária,Sistema de Manejo da Adubação Nitrogenada com Base no Sensor de Clorofila para o Feijão- Caupi,Selma Alves Abrahão
Januária,"Conhecimentos e Atitudes de Jovens e Adolescentes da escola Estadual Simão Viana Cunha , em Januária – MG, Quanto à Hanseníase",Iza Manuela Aires Cotrim Guimarães
Januária,Métodos Alternativos para Determinação da Condutividade Elétrica no Solo ,Danilo Pereira Ribeiro
Januária,Avaliação da Produtividade de Feijão – vagem (Phaseolus vulgaris L.) sob diferentes fontes de adubação nitrogenada em sistema de Produção Orgânico ,Sebastião Lourenço Henrique
Januária,Acidificação de um solo alcalino do Norte de Minas Gerais com uso de enxofre elementar e esterco bovino,Dilermano Dourado Pacheco
Januária,Um estudo de caso sobre conhecimento e praticas de estudantes de uma escola pública de São João das Missões – MG quanto às doenças sexualmente transmissíveis (DST) e AIDS,Iza Manuela Aires Cotrim Guimarães
Januária,Título: Uma análise da abordagem do tema transversal saúde no ensino de ciências nas séries finais do ensino fundamental de uma escola pública no município de Januária – Minas Gerais,Iza Manuela Aires Cotrim Guimarães
Januária,Fatores a atitudes que têm influenciado a adesão à campanha  de vacinação contra o HPV em determinado bairro no município de Januária-MG,Iza Manuela Aires Cotrim Guimarães
Januária,Sistema para gerenciamento de TCC do TADS IFNMG Januária ,Gustavo Linhares Lélis Frota
Januária,Avaliação operacional de armadilhas no monitoramento de Aedes aegypti utilizando atrativos alternativos,Eliane Souza Gomes Brito
Januária,Rações Comerciais com Valores Atualizados de Balanço Eletrolítico para Leitões Sob Desmame Precoce,Wagner Azis Garcia de Araújo
Januária,Produção de mudas de três espécies de pitaia em diferentes substratos orgânicos no norte de Minas Gerais ,Rodrigo Amato Moreira
Januária,Níveis de suplementação da enzima “beta”- mananase para galinhas poedeiras ,Wagner Azis Garcia de Araújo
Januária,Interferência de plantas daninhas na cultura do amendoim produzido no norte de minas gerais ,Claubert Wagner Guimarães de Menezes 
Januária,"Densidade de parasitismo do parasitóide Palmistchus elaeisis, em pupas do hospedeiro alternativo Galleria mellonella ",Claubert Wagner Guimarães de Menezes
Januária,Avaliação preliminar de micorrização em diferentes variedades de amendoim ( Arachis hypogaeae L. )submetidos a diferentes doses complementares de fósforo no semi-árido norte mineiro. ,Hamilton dos Reis Sales
Januária,Políticas Assistenciais ,Felipe Lisboa Guedes
Januária,Analisar preferências dos consumidores de “fast food” do município de Januária – MG,Felipe Lisboa Guedes
Januária,Análise do perfil e comportamento dos consumidores do vestuário de moda praia de Januária-MG,Felipe Lisboa Guedes
Januária,Desempenho Produtivo de Cabritos Submetidos a Diferentes Idades de Desmame ,Jussara Barros Silva
Januária,Mapeamento 3D de Edificações Históricas de Múltiplos Ambientes por meio de Sensores RGB-D de Baixo Custo,Matheus Silveira Borges
Januária,Cultivo de Plantas Ornamentais em Sistema de Tratamento de Águas Residuárias ,Danilo Pereira Ribeiro
Januária,A Lei Robin Hood e o Desenvolvimento dos Municípios do Norte de Minas,Eduardo Cabral da Cruz
Januária,Comportamento Fenológico de Variedades de Amendoim em Função de Diferentes Espaçamentos Cultivados em Regime Irrigado no Semiárido Mineiro ,Aroldo Gomes Filho
Januária,Frutos Nativos da Região do Peruaçu: Conhecer para Valorizar,Sildimar Rodrigues Ferreira
Januária,Endomarketing Como Fator Motivacional dos Colaboradores das Empresas do Setor Farmacêutico da Cidade de Januária – MG,Roberto Comini Frota
Januária,Macroinvertebrados Bentônicos como Bioindicadores de Qualidade da Água do Rio Ipueira,Vitor Hugo Henriques de Almeida 
Januária,Efeito do Policultivo de Tomateijo e Coentro sob Cultivo Orgânico nas Populações de Moscas Brancas e Joaninhas Predadoras em januária – MG,Eliane Souza Gomes Brito
Januária,"Produtividade de Campim Tifon 85 ( Cynodon dactylon spp) nas condições do Norte de Minas, com uso de água residuária de suinocultura, em sistema alagados construídos após tratamento em Biodigestor. ",Eduardo Souza do Nascimento
Januária,Marcha de Absorção de Nutrientes do Solo pela Planta Ocimum Selloi ( Laminacea) no IFNMG – Campus Januária,Clabert Wagner Guimarães de Menezes
Januária,"Seletividade Fisiológica do Herbicida Nicosulfuron sobre o Predador Doru Luteipes ( Scudder, 1876) ( Dermaptera: Forficulidae)",Claubert Wagner Guimarães de Menezes
Montes Claros,"Modelagem, Simulação e Controle de um Sistema de Filtração Plana com Formação de Torta Compreensível ",Saulo Fernando dos Santos Vidal
Montes Claros,Caracterização e Análise de Desempenho de Carvão Obtido à Partir de Cascas de Buriti ( Mauritio flexuosa),Ramon Geraldo Campos 
Montes Claros,O uso de Metaheurísticas para a Programação da Sequência de Jogos em Torneios Esportivos,Laércio Ives Santos
Montes Claros,"Algoritmos para Emparelhamentos ,áximos e Cortes Justos não Triviais",Alberto Alexandre Assis Miranda 
Montes Claros,Análise Comparativa de Metodologias para Obtenção de Nuvens de Pontos em Reconstrução 3D por Luz Estruturada ,Wagner Ferreira de Barros
Montes Claros,Avaliação do uso de Filtros Aplicados ao Melhoramento de Imagens de Cenas em Meio Participativo,Wagner Ferreira de Barros
Montes Claros,Pêndulo Invertido: Modelagem e Região de Estabilidade,Marcos Aurélio Duarte
Montes Claros,Estudo da Influência e Prevenção de Rouge em Sistemas de Water For Injection (WFI),Fernando Mota Ribeiro
Montes Claros,Métodos Adaptativos no Tempo: Ajustes para Melhoramento no Método de Bixler,Tatiane Reis do Amaral
Montes Claros,Produção e Estudo da Ação Antimicrobiana de Creme a Base de Óleo Essencial de Orégano (Origanum Vulgare L),Elízio Mario Ferreira
Montes Claros,"Linguagens Livres de Contexto e Autômatos: Lemas de Bombeamento, Graus de Turing e Minimização",Rafael Santos Coelho
Montes Claros,"Aspectos Estruturais e Algorítmicos de Problemas de Decomposição, Cobertura e Empacotamento em Teoria de Grafos",Rafael Santos Coelho
Montes Claros,Produção de Sabonete Lìquido a Partir de Diferentes Concentrações de  eugenol e de Óleo Essencial Extraído do Cravo da Índia (syzygium aromaticum)  e estudo Comparativo de Propriedades Antibacterianas.,Junai Carvalho de Souza Lopes
Montes Claros,"Modelagem, Simulação e Controle de uma Planta de Produção de Biodiesel",Saulo Fernando dos Santos Vidal
Montes Claros,Produção de Biodiesel a Partir de óleo de Fritura Residual Utilizando um Microondas Doméstico,Thalles de Assis Cardoso Gonçalves
Montes Claros,Estudo da aplicabilidade do carvão resultante do processos de pirólise , 
Montes Claros,Definição de uma Classe de Métodos de Acesso Baseada em Histogramas para Consultas por Similares,Lúcio Fernandes Dutra Santos
Montes Claros,Construção de uma Data Mart Acadêmica do IFNMG,Lúcio Fernandes Dutra Santos
Montes Claros,Dimensionamento de uma Bomba Centrífuga a ser  Instalada no Módulo Didático de Cinética e Cálculo de Reatores do IFNMG – Campus Montes Claros,Vitor Hugo Fernandes
Montes Claros,Modelagem e Otimização da Configuração de Um Sistema Híbrido Eólico-Fotovoltáico Conectado na Rede Elétrica,Douglas Angelo Teixeira
Montes Claros,Avaliação dos Impactos Causados pela Conexão de Sistemas de Geração Fotovoltaica nas Redes de Distribuição de Energia,Douglas Angelo Teixeira
Montes Claros,Estudo experimental de um separador ciclônico em uma unidade de transporte pneumático ,João Carlos Gonçalves
Montes Claros,Estudo do Escoamento Monofásico em um ciclone de Lapple utilizado Fluidodinâmica Computacional,João Carlos Gonçalves
Montes Claros,Implantação de Sistema Automático de Controle de Temperatura e ph em Estado de Tratamento de Efluente,Daniel Rodrigues Magalhães 
Montes Claros,Avaliação do uso potencial da casca de pequi ( Cariocar brasiliense) na obtenção de etanol lignocelulósico ,Pedro Henrique de Oliveira Gomes
Montes Claros,Estudo do Equilíbrio líquido – líquido-líquido- vapor (ELL e ELV) para misturas binárias e ou ternárias sendo um dos componentes da mistura o óleo essencial do Schinus Molles,Daniel Rodrigues Magalhães 
Montes Claros,Otimização das variáveis de processo envolvidas na produção de carvão ativado obtido a partir de cascas de Buriti ( Mauritia flexuosa) ,Ramon Geraldo Campos 
Montes Claros,Caracterização química e avaliação do potencial antibacteriano do óleo essencial das sementes da Moringa oleifera. ,Daniel Rodrigues Magalhães 
Montes Claros,Estudo na Redução da Temperatura em Discos de Freios de Automóveis por Convecção Forçada ,Fernanda de Lima Menezes
Montes Claros,Determinação de Tempo de Residencia (DTR) no Reator Tubular Recheado (PBR),Thalles de Assis Cardoso Gonçalves
Montes Claros,Análise do Efeito da Agitação Sobre a Distribuição do Tempo de Residência e Conversão de um Reator CSTR.,Thalles de Assis Cardoso Gonçalves
Montes Claros,Estudo de Contaminações de Alimentos Embalados em Bandejas Poliméricas,Luiz Gomes Junior
Montes Claros,Estudo do Aproveitamento da Biomassa do Pequi para Fins Comerciais,Luiz Gomes Junior
Montes Claros,Investigações e Projetos de Sistemas de Fusão para Ativação Neutrônica,Wagner Leite Araújo
Montes Claros,Estudo a Análise de Secagem em Leito de Jorro,João Carlos Gonçalves
Pirapora,Utilização das Linguagens de Programação R E PYTHON nas Pesquisas em Geociências,Bruno Lopes de Faria
Pirapora,Monitoramento e Avaliação da População Atmosférica Particulada Emitida pelas Indústrias de Ferro-Silício e Silício Metálico na Cidade de Pirapora-MG,Wallace Magalhães Trindade
Pirapora,Investigando o Português Brasileiro na Escrita: Construções causativas,Joaquina Aparecida Nobre da Silva
Pirapora,Monitoramento da Qualidade de Energia Elétrica,Emerson Maurício de Almeida Alves
Pirapora,Ortografia no Ensino Médio: Análise da Escrita Escolar Mediada pelos Corretores Ortográficos,Wilma Maria Pereira
Pirapora,Avaliação de Sistema de Gerenciamento de Conteúdo no Desenvolvimento do Portal do Grêmio Estudantil,Emerson Maurício de Almeida Alves
Pirapora,"O Perfil Social, Cultural e Econômico dos Ingressantes no Ensino Técnico Noturno no IFNMG Campus Pirapora/MG.",Daniel Gusmão Ribeiro
Pirapora,Maiores Incidências de Reclamações Trabalhistas na Cidade de Pirapora – MG,Adler Augusto Rath
Pirapora,Potenciais Caóticos no Operador de Schrodinger Unidimensional: Análise pelo Inverso do Número de Participação,Wesley Florentino de Oliveira
Pirapora,GAAL.EDU: Software de Apoio ao Ensino de Geometria Análitica a Álgebra Linear ,Wesley Florentino de Oliveira
Pirapora,"Prevalência de Síndrome de Burnout, Ansiedade, Depressão, Transtornos Mentais Comuns, suas Associações à Hábitos de Lazer, Apoio Social, Sonolência e Nível de Qualidade de Vida entre Universitários Trabalhadores e não Trabalhadores",Danilo Lima Carreiro
Pirapora,Avaliação da Assistência Odontológica na Perspectiva de Usuários Brasileiro,Danilo Lima Carreiro
Pirapora,Acessibilidade no Campus Pirapora: Levantamento da Situação de Acessibilidade das Edificações Pertencentes ao IFNMG,Carla Cristiane Silva
Pirapora,Estudo da Flambagem Lateral com Distorções em Vigas Casteladas Contínuas,Carla Cristiane Silva
Porteirinha,Produção de Tecnologia Assistiva em Máquinas de Impressão em 3D,Joyce Meire da Silva França
Salinas,"Hambúrguer com Carne de Coelho Enriquecido com  Fibras: Avaliação Físico-Química, Microbiológica e Sensorial por Aceitabilidade para Crianças da Rede Pública de Salinas-MG",Daniela Caetano Cardoso
Salinas,Avaliação do Comportamento Reológico de Kefir,Daniela Caetano Cardoso
Salinas,"Sobremesa Láctea Tipo Mousse à Base de Leite de Cabra: Avaliação Físico-Química, Microbiológica e Sensorial por Aceitabilidade para Crianças da Rede Pública de Salinas-MG",Daniela Caetano Cardoso
Salinas,Avaliação de Parâmetros Agroeconômicos de Seis Variedades de Mandioca na Cidade de Salinas-MG,Fábio Antunes Arruda
Salinas,Investigação de Possíveis Reentrâncias no Diagrama de Fases Térmico do Modelo de Heisenberg Quântico,Diego da Cunha Carvalho
Salinas,Caracterização de Ambientes Ciliares e as Influência no Carreamento de Sedimentos no Rio Bananal,Alessandro de Paula Silva
Salinas,Estudo do Banco de Sementes e Caracterização do Solo como Indicadores do Estado de Resiliência de uma área em Elevado Estágio de Degradação,Alessandro de Paula Silva
Salinas,Aparato Experimental Envolvendo a Dinâmica de Corpos Rígidos em Superfície com Atrito para Uso Didático,Maria da Penha de Laia
Salinas,Avaliação do Desempenho de Bezerras Girolando Neonatas Ssubmetidas à Suplementação com Levedura,Wolff Camargo Marques Filho
Salinas,Determinação do Módulo de Young e Tensão de Ruptura de Madeira de Eucalyptus na Região do Alto do Rio Pardo,Geraldo Magela Cardoso
Salinas,Barra de Cereal Adicionada de Farinha da Casca de Bana Prata (Musa Sapientum): Composição Química e Avaliação Sensorial,Daniela Caetano Cardoso
Salinas,Avaliação do Comportamento de Adsorção da Polpa de Maracujá Liofilizada e Adicionada de Agentes Veiculares por Meio de Redes Neuro-Fuzzy,Isis Celena Amaral
Salinas,"Desempenho, Precocidade e Bem Estar de Novilhas Nelore em Sistema Silvpastoril",Wolff Camargo Marques Filho
Salinas,Leveduras Isoladas de Frutos do Cerrado na Fabricação de Cerveja Artesanal Tipo Pale Ale,Marcos de Oliveira
Salinas,Avaliação do Potencial de Contribuição do Rejeito Feldspático em Nutrientes para as Plantas,Elcio Jose do Nascimento
Salinas,Uso de Biossólido na Composição de Substratos para Produção  de Mudas Nativas e Exóticas ,Sara Carolina Soares Guerra Fardin
Salinas,"Avaliação de Açúcares Solúveis Totais e Açúcares Redutores em Ziziphus joazeiriro Mart. Nas Estações de Inverno e Verão em Condições de Ambiente Natural na Região de Salinas, MG",Antônio Carlos Pinheiro Cani
Salinas,Elaboração de Requeijão  Cremoso de Leite de Cabra Produzido com Enzima Transglutaminase e Condimentado com Ervas Finas,Alcides Ricardo Gomes
Salinas,Física de Sistemas Complexos: Programação de Fluidos em Meios Porosos,Alisson Marques de Miranda
Salinas,Correlação entre a Contagem de Células Somáticas e Condutividade Elétrica do Leite de Vacas Mestiças no Município de Salinas MG,Wesley Antunes Meireles
Salinas,"Gênero, Sexualidade e Diversidade na Escola: Uma Proposta de Educação Inclusiva no IFNMG Campus Salinas",Santina Aparecida Ferreira Mendes
Salinas,Tratamento de Hérnia Humbilical em Suínos com Enxerto Alógeno de Cartilagem Articular ,Walter Octaviano Bernis Filho
Salinas,Diagnóstico da Cadeia Produtiva e Avaliação Físico-Química de Cachaças da Região de Salinas,Edilson Jarvim Viana
Salinas,Redes Neuro-Fuzzy na Predição da Maciez da Carne a Partir da Atividade Biológica,Alison Zille Lopes
Salinas,"Comparação da Qualidade do Solo em Função do Manejo Adotado em Áreas no Município de Salinas, Minas Gerais",Alessandro de Paula Silva
Salinas,Uma Proposta Didática para o Ensino de Gravitação Universal Ultrapassando os Limites dos Livros Didáticos Recomendados pelo Programa Nacional do Livro Didático do Ensino Médio de 2015,Vailton Afonso da Silva
Salinas,"Eficácia In Vitro de Acaricidas Sobre o Carrapato-do-Boi Rhipicephalus (Boophilus) microplus Oriundos de Propriedades Leiteiras da Região de Salinas, Norte de Minas Gerais",Vanessa Paulino da Cruz Vieira
Salinas,"Síntese de Curcuminoides Glicosilados: Avaliaçãoi da Potencialidade como Corantes Alimentícios, Monitoramento Reacional e Estudo de Degradação pos Espectrometria de Massas",Bruno Ricardo Vilachã Ferreira 
Salinas,"Caracterização da Rapadura Artesanal e Industrial por meio de Análises Físico-químicas, Sensoriais e Quimiométricas ",Roberta Magalhães Dias Cardozo
Salinas,Formação continuada por parte dos professores que lecionam no ensino fundamental 1 e inserção dos conceitos físicos,José Antônio Duarte Santos
Salinas,Qualidade microbiológica e perfil fermentativo de silagens de cana-de-açúcar aditivadas com diferentes inoculantes,Susi Cristina dos Santos Guimarães Martins
Salinas,"Prospecção Fitoquímica e Avaliação das Atividades Antifúngica, Antimicrobiana e Antioxidantes de uma Nova Espécie de Stachytarphetas só. Vahl (Verbenaceae)",Nathália Bastos Lima de Andrade
Salinas,Produção de Cerveja Artesanal a Partir da Reutilização de Leveduras,Felipe Cimino Duarte
Salinas,Estudo da Atividade Antibacteriana de Uma Nova Bebida Produzida pela Mistura de Kefir Açucarado e Polpa de Maracujá,Bruna Castro Porto
Salinas,Identificação e Caracterização da Microbiota Produtora Proteases Termoresistentes Isolada de Queijo,Solimar Gonçalves Machado
Salinas,Associação Entre Neoplasias Mamárias e a Prevalência Leishmziizia SP. em Cadelas,Eduardo Garrido
Salinas,Verificaçao da Genotoxicidade em Eritrócitos de Tilápia do nilo (Oreochromis Niloticus) Coletados in Situ na Barragem de Salinas-MG Através da Análise das Anormalidades Nucleares e Micronúcleos,Thaís Larissa Lourenço Castanheira
Salinas,Efeito dos Óleos Essenciais de Coentro (Coriandrum sativum) e Alecrim (Meldusantha Martiusii Benth) na Conservação de Queijo Minas Frescal,Isis Celena Amaral
Salinas,Utilizalção do  Óxido de Cálcio como Catalisador Heterogêneo para Síntese de Biodiesel,Roberto Ananias Ribeiro
Salinas,Avaliação da Influência do Corpo Lúteo e da Morfologia Ovariana no Número e na Qualidade de Oócitos Bovinos,Júlio César Oliveira Dias
Salinas,Efeito da adubação suplementar no crescimento inicial eucalipto,Vinícius Orlandi Barbosa
Salinas,O Enigma da Dioicia em Diospyros Sericea A. DC. (Ebenaceae): Uma Investigação da Biologia Produtiva e da Polinização,Michellia Pereira Soares
Salinas,Entomofauna Associada ao Cultivo de Plantas Frutíferas na Região Norte de Minas Gerais,Tatiane Gizelle Marques Silva
Salinas,Caracterização de Quintais Agroflorestais Desenvolvidos por Agricultores no Baixo Bananal ,Larissa Santos Rocha
Salinas,Obtenção de Carvão Ativado Oriunda do Endocarpo de Umbu ( Spondias tuberosa) Visando a Adsorção do Corante Azul de Metileno e Índigo Carmim ,Fábio Welinton 
Salinas,Isolamento e Identificação de Leveduras fermentadoras de material lignocelulósicos em cascas de eucalipto como subsídio à produação de bioetanol,Juliana Rocha de Meira
Salinas,Levantamento da Diversidade de Leveduras em Frutos Nativos do Cerrado da Região do Alto Rio Pardo/MG,Marcos de Oliveira
Salinas,Secagem de Polpa de Banana pelo Método de Secagem em Espuma com Diferentes Etapas Preliminares,Bruna Castro Porto
Salinas,Identifying classes in Legacy Javascript code,Leonardo Humberto Guimarães Silva
Salinas,Zonas Homogêneas de Evapotranspiração de Referência para o Norte e Noroeste de Minas Gerais ,Marcelo Rossi Vicente
Salinas,Caracterização físico-química e avaliação do potencial antimicrobiano dos grãos de pólen da flor do Baru,Juliana Rocha de Meira Pires
Salinas,Estima da Evapotranspiração de referência com redes neurais artificiais ,Patrícia de Oliveira e Lucas
Salinas,Propriedades Físico-Químicas do Biodiesel,Roberto Ananias Ribeiro
Salinas,Escola Família Agrícola (EFA)? Que Bicho é esse?,Gerson Avelino Fernandes Pereira
Salinas,Efeito da salinidade na germinação e no crescimento inicial de mudas de leguminosas arbóreas,Tiago Reis Dutra
Salinas, Linguagem multimodal: A importância do uso de gesto nas aulas de química no 3º ano do Ensino Médio ,Elízio Mário Ferreira
Salinas,A importância das narrativas docentes na formação de professores,Gerson Avelino Fernandes Pereira
Salinas,Perfil dos alunos dos cursos de licenciatura do IFNMG Campus Salinas,Roamana Tatiana Soares Santos
Salinas,Substratos alternativos e diferentes granulometrias para produção de mudas de carne de vaca,Marília Dutra Massad
Salinas,Substratos alternativos na produção de mudas de Flamboyant e Ipê,Marília Dutra Massad
Salinas,Produção e Qualidade de mudas de Angico Vermelho em resposta a substratos alternativos e diferentes granulometrias,Marília Dutra Massad
Salinas,Diagnóstico dos cursos de licenciatura do IFNMG Campus IFNMG,Roamana Tatiana Soares Santos
Salinas,Geometria hiperbólico : Estudo de Polígonos de Voronoi,Frederico Ventura Batista
Salinas,Emparelhamentos de Arestas de Polígonos Hiperbólicos utilizando o Geogebra,Frederico Ventura Batista
Salinas,Métodos de controle de plantas daninhas na restauração florestal,Alessandro de Paula Silva
Salinas,Caracterização espectroscópica de materiais biocombustíveis ,Alisson Marques de Miranda
Salinas,O uso das novas tecnologias como ferramenta para atendimento aos alunos do 2º e 3º anos de informação,Eilson Santiago
Salinas,Vinhaça de cachaça artesanal: Um coproduto em potencial na produção de proteínas em Salinas – MG,Juliana Rocha de Meira Pires
Salinas,Física de Sistemas Complexos ,Alisson Marques de Miranda
Salinas,Avaliação do comportamento de adsorção da polpa de maracuá liofilizada e adicionada de agentes veiculadorespor meio de redes neuro- Fuzzy,Isis Celena Amaral
Salinas,Levantamento de leveduras em frutos do cerrado do norte de Minas com teste para verificação de potencial enzimático,Marcos de Oliveira
Salinas,Desenvolvimento de mudas de Baru ( Dipteryx alata (Vog.)) Em resposta a diferentes volumes de tubetes e doses de adubo de liberação lenta,Marília Dutra Massad
Salinas,Efeito de diferentes formulações e doses de osmocote na produção e qualidade de mudas de Abizia lebbeck (L.) Benth,Marília Dutra Massad
Salinas,Efeito da salinidade no desenvolvimento inicial de mudas de Albízia ( Albizia lebbeck (L.) Benth,Marília Dutra Massad
Salinas,Efeito de substratos renováveis e volumes de tubetes para produção e qualidade de mudas de Pau Ferro. ,Marília Dutra Massad
Salinas,Crescimento Inicial de Albízia (Albizia lebbeck (L.)) em condições de Matocompetição,Marília Dutra Massad
Salinas,Produção e qualidade de mudas de vinhático (Plathymenia reticulata Benth.) em resposta a diferentes formulações e doses de Osmocote,Tiago Reis Dutra
Salinas,"Manual de termos técnicos em espanhol dos cursos superiores de Medicina Veterinária, Engenharia Florestal e Engenharia de Alimentos",André Canela Brito Nobre
Salinas,Potencial Competitivo de Espécies Florestais Nativas da Mata Atlântica em Convivência com Urochloa descumbens ,Alessandro de Paula Silva
Salinas,Avaliação do Comportamento Relógico Durante o Processo Fermentativo do Iogurte em Diferentes temperaturas. ,Isis Celena Amaral
Salinas,"Crescimento de mudas de albízia (Albízia lebbeck (L.) Benth.) e canafístula (Peltophorum dubium (Spreng.) Taub.) sob diferentes doses de nitrogêncio, fósforo e potássio ",Tiago Reis Dutra
Salinas,Redes Neuro – Fuzzy na Predição da Maciez da Carne a Partir da Atividade Biológica,Alison Zile Lopes
Salinas,Avaliação Microbiológica e Físico- Química das Polpas de Frutas Comercializadas em salinas e Região,Rosimere Alves Guimarães
Salinas,"Estudo Analítico do Diagrama de Fases Quântico do Modelo de Heisenberg Spin – 1 Ferromagético, Anisotrópico em suas Interações, na Rede Hipercúbica Simples, com Anisotropia de íon único",Diego da Cunha Carvalho
Salinas,Comportamento de Oviposição e Estrutura Genética de Populações de Aedes Aegypti da Cidade de Salinas – MG,Filipe Vieira Santos de Abreu
Salinas,Modelo de Blume-Capel Spin – 3/2 e Spin-2 no Campo Cristalino Transverso: Uma aproximação de Campo,Diego da Cunha Carvalho
Salinas,Avaliação Sensorial do Doce de Leite Pastoso Elaborado com Diferentes Proporções de Soro,Edilene Alves Barbosa
Salinas,"Descrição do Diagrama de Fases do Modelo de Heisenberg Spin- 1 J1-J2-J3 Antiferromagnético, na Rede Cúbica Simples, na Presença de um Campo Cristalino, por meio de uma Abordagem Basônica",Diego da Cunha Carvalho
Salinas,"Estimativa da Biomassa, do estoque de Madeira e Carbono em Plantios de Eucalipto na Região do Alto Rio Pardo Via Sensoriamento Orbital",Ronaldo Medeiros dos Santos
Salinas,Estudo da Composição Química do óleo Essencial do Alecrim do Campo Medusabtha martiusii e a Avaliação do seu Potencial para a Inibição o Crescimento de Microorganismo Patogênico,Fábio Weliton Jorge Lima
Salinas,"Desempenho, Avaliação Econômica, Histológica e da Carcaça de Novilhas Alimentadas com Dieta Alto Grão.",Fernando Matos Pereira
Salinas,Desenvolvimento de Novos Adsorventes para Remoção de Contaminantes Orgânicos em Água Visando Remediação Ambiental,Luiz Fernando Oliveira Maia
Salinas,Controle do Binômio Tempo e Temperatura na produção de Refeições Porcionadas,Alcides Ricardo Gomes de Oliveira
Salinas,Determinação Microbiológica e Físico Química do Leite Cru Produzindo e Comercializado em Salinas e Região,Edilene Alves Barbosa
Salinas,Análise Físico-Química da Cachaça Produzida Artesanalmente em Alambique de Cobre Comparado à Cachaça Produzida Industrialmente,Oscar William Barbosa Fernandes
Salinas,Estudo da Qualidade Microbiológica de Polpas de Frutas Típicas do Cerrado Brasileiro,Felipe Cimino Duarte
Salinas,Influência da Idade ótima para Plantio no Crescimento de Mudas de Três Espécies Floretais Produzidas em Diferentes Dimensões de Recipientes,Tiago Reis Dutra
Salinas,Interferência de diferentes sombreamentos e substratos no desenvolvimento de mudas de tamboril para recuperação de áreas degradadas,Magalhães Teixeira de Souza
Salinas,Extração de Pectina do Maracujá-Amarelo (Passiflora Eduli F. Flavicarpa) e Maracujá-do-Mato (Passiflora Cincinnata) Caracterização e Elaboração de Filmes,Edilene Alves Barbosa
Salinas,Isolamento e Caracterização do Potencial Probiótico de Bactérias Lácticas a Partir de Leite Cru Comercializado Informalmente na Cidade de Salinas – Minas Gerais,Thiago Moreira dos Santos
Salinas,Efeito da Salinidade na Germinação e no crescimento Inicial de Mudas de Espécies Arbóreas ,Tiago Reis Dutra
Salinas,"Caracterização das Plantas Tóxicas de Interesse Pecuário na Microrregião de Salinas, Norte de Minas Gerais",Gabriel Domingos Carvalho
Salinas,Plataformas Open Source de Desenvolvimento de Jogos como Ferramentas de Ensino Interdisciplinar ,Alison Zille Lopes
Salinas,Disputas em Torno da Nova da Mineração: Desenvolvimento e Conflitos Sócioambientais no Norte de Minas Gerais,Ricardo dos Santos Silva
Salinas,Avaliação Sensorial do Doce de Banana Elaborado com Diferentes Proporções de Casca,Edilene Alves Barbosa
Salinas,Estudo comparativo da Florística e Estrutura de Florestas Estacionais Deciduais Exploradas e não Exploradas no Município de Salinas – Minas Gerais,Michellia Pereira Soares
Salinas,Geometria Espacial com Uso do Software Blender 3D,Anderson Vantuir Nobre Vieira
Salinas,Influência da Densidade na Bandeja e do Volume do Recipiente sobre a Produção de Mudas de Albízia ( Albizia lebbeck (L.)),Marília Dutra Massad
Salinas,Determinação da Idade ótima para Plantio de Mudas de Três Espécies Florestais Nativas Produzidas em Diferentes Dimensões de Recipientes,Tiago Reis Dutra
Salinas,Germinação e Crescimento de Plântulas de Espécies Arbóreas sob Influência do Estresse Salino,Marília Dutra Massad
Salinas,Características Microbiológicas do Leite Cru Consumido na Cidade de Salinas – MG,Edilene Alves Barbosa
Salinas,Interferência de Plantas Espontâneas e Forrageiras sobre o crescimento Inicial de Canafíscula ( Peltophorum dubium (Sprengel)),Marília Dutra Massad
Salinas,Tolerância à Contaminação do Solo Provocado pelo Herbicida Diuron + Hexazinone e Potencial Fitorremediador de Espécies Florestais da Família,Tiago Reis Dutra
Salinas,Avaliação de Propriedades Físicas e Mecânicas Madeira de Duas Espécies de Eucalyptus em Função do Apodrecimento em Dois Ambientes,Geraldo Magela Cardoso
Salinas,Fenologia de Diospyros Sericea A. DC. (Ebenaceae) no Parque Estadual de Serra Nova,Michellia Pereira Soares
Salinas,Utilização do Mesocarpo Externo do Pequi (Caryocar brasiliense Camb)e Oléo Comestíveis Residuais para a Produção de Sabão,Alexandre Santos de Souza
Salinas,"Elaboração do Caldo de pequi (Caryocar brasiliense) Caracterização micribiologica, físico- química e sensorial",Alexandre Santos de Souza
Teófilo Otoni,Historietas do Comportamento Brasileiro: Validação de uma Medida Ipsativa por Meio da Teoria de Resposta ao Item (TRI),Gustavo Henrique Silva de Souza
Teófilo Otoni,Plataforma Online para Mapeamento da Cultura no Vale do Mucuri/MG,Yuri Bento Marques
